Model Type,Experiment,Accuracy,F1,AUC
RoBERTa,In-Domain,0.9943986820428337,0.9943162821798729,0.9945090439276486
RoBERTa,Out-Domain (wp),0.9462616822429907,0.9417721518987342,0.9449760765550239
RoBERTa,Out-Domain (reuter),0.7087329631499243,0.7700278995615782,0.7154592682792508
RoBERTa,Out-Domain (essay),0.9584664536741214,0.9598765432098766,0.9587301587301587
RoBERTa,Out-Domain (Claude),0.9932885906040269,0.9930507296733844,0.993461557894129
